{
  "getAllUserGrants" : {
    "transaction" : "getAllUserGrants",
    "sampleCount" : 170,
    "errorCount" : 59,
    "errorPct" : 34.705883,
    "meanResTime" : 78073.58235294119,
    "medianResTime" : 83227.0,
    "minResTime" : 30056.0,
    "maxResTime" : 100431.0,
    "pct1ResTime" : 99260.0,
    "pct2ResTime" : 99472.25,
    "pct3ResTime" : 100056.83,
    "throughput" : 0.5552343905649347,
    "receivedKBytesPerSec" : 1.1650736338784429,
    "sentKBytesPerSec" : 1.469961360177283
  },
  "getProjectNav" : {
    "transaction" : "getProjectNav",
    "sampleCount" : 170,
    "errorCount" : 0,
    "errorPct" : 0.0,
    "meanResTime" : 925.8647058823533,
    "medianResTime" : 787.5,
    "minResTime" : 337.0,
    "maxResTime" : 4622.0,
    "pct1ResTime" : 1550.5000000000005,
    "pct2ResTime" : 1993.1999999999998,
    "pct3ResTime" : 4340.8399999999965,
    "throughput" : 0.6205738482879463,
    "receivedKBytesPerSec" : 3.749188633916186,
    "sentKBytesPerSec" : 1.6580957508943563
  },
  "Total" : {
    "transaction" : "Total",
    "sampleCount" : 850,
    "errorCount" : 62,
    "errorPct" : 7.2941175,
    "meanResTime" : 38356.11764705883,
    "medianResTime" : 1430.0,
    "minResTime" : 155.0,
    "maxResTime" : 273084.0,
    "pct1ResTime" : 99613.8,
    "pct2ResTime" : 176039.0999999999,
    "pct3ResTime" : 237133.1300000001,
    "throughput" : 2.7018006706822844,
    "receivedKBytesPerSec" : 1610.0882952432414,
    "sentKBytesPerSec" : 5.966357490941021
  },
  "getNavigations" : {
    "transaction" : "getNavigations",
    "sampleCount" : 170,
    "errorCount" : 0,
    "errorPct" : 0.0,
    "meanResTime" : 1209.3588235294123,
    "medianResTime" : 560.0,
    "minResTime" : 155.0,
    "maxResTime" : 10600.0,
    "pct1ResTime" : 2559.6000000000004,
    "pct2ResTime" : 3954.699999999996,
    "pct3ResTime" : 10212.339999999997,
    "throughput" : 2.148444905026097,
    "receivedKBytesPerSec" : 118.07135157326198,
    "sentKBytesPerSec" : 5.679531599517232
  },
  "getAllModules" : {
    "transaction" : "getAllModules",
    "sampleCount" : 170,
    "errorCount" : 3,
    "errorPct" : 1.7647059,
    "meanResTime" : 110822.52941176474,
    "medianResTime" : 63882.5,
    "minResTime" : 5755.0,
    "maxResTime" : 273084.0,
    "pct1ResTime" : 220683.20000000004,
    "pct2ResTime" : 236775.6499999999,
    "pct3ResTime" : 257963.83999999982,
    "throughput" : 0.6098698465997963,
    "receivedKBytesPerSec" : 1776.619694216416,
    "sentKBytesPerSec" : 1.5767524845469745
  },
  "Login" : {
    "transaction" : "Login",
    "sampleCount" : 170,
    "errorCount" : 0,
    "errorPct" : 0.0,
    "meanResTime" : 749.2529411764702,
    "medianResTime" : 607.0,
    "minResTime" : 212.0,
    "maxResTime" : 3016.0,
    "pct1ResTime" : 1524.2000000000003,
    "pct2ResTime" : 1998.7499999999998,
    "pct3ResTime" : 2669.519999999996,
    "throughput" : 2.137370029043087,
    "receivedKBytesPerSec" : 7.370636071891069,
    "sentKBytesPerSec" : 1.0540740865886316
  }
}